,from --> to,from,to,Std.ED.Dispo,Acuity.Level.C,n,mean,med,mode,std.dev,x_label_pos,y_label_pos
1,ETC.Expected --> Triage.Comp,ETC.Expected,Triage.Comp,Admitted,NA,1,48,48,48,NA,0,1
2,ETC.Expected --> Triage.Comp,ETC.Expected,Triage.Comp,Admitted,1,16,4,0,0,8,14.1336,1
3,ETC.Expected --> Triage.Comp,ETC.Expected,Triage.Comp,Admitted,2,853,10,5,3,13,54.18,1
4,ETC.Expected --> Triage.Comp,ETC.Expected,Triage.Comp,Admitted,3,1721,10,6,3,12,73.152,1
5,ETC.Expected --> Triage.Comp,ETC.Expected,Triage.Comp,Admitted,4,24,11,6,2,13,30.3264,1
6,ETC.Expected --> Triage.Comp,ETC.Expected,Triage.Comp,Discharged,1,8,4,0,8,8,12.5136,1
7,ETC.Expected --> Triage.Comp,ETC.Expected,Triage.Comp,Discharged,2,600,9,4,1,23,199.4472,1
8,ETC.Expected --> Triage.Comp,ETC.Expected,Triage.Comp,Discharged,3,1335,11,4,3,22,120.5712,1
9,ETC.Expected --> Triage.Comp,ETC.Expected,Triage.Comp,Discharged,4,180,4,2,2,5,23.4,1
10,ETC.Expected --> Triage.Comp,ETC.Expected,Triage.Comp,Discharged,5,4,2,2,1,1,1.591199999,1
11,ETC.Expected --> Roomed,ETC.Expected,Roomed,Admitted,NA,12,0,0,0,0,1.389600004,1
12,ETC.Expected --> Roomed,ETC.Expected,Roomed,Admitted,1,105,2,0,0,7,29.484,1
13,ETC.Expected --> Roomed,ETC.Expected,Roomed,Admitted,2,756,3,0,0,12,76.8672,1
14,ETC.Expected --> Roomed,ETC.Expected,Roomed,Admitted,3,677,3,0,0,9,56.7864,1
15,ETC.Expected --> Roomed,ETC.Expected,Roomed,Admitted,4,1,0,0,0,NA,0,1
16,ETC.Expected --> Roomed,ETC.Expected,Roomed,Discharged,NA,11,3,0,0,7,11.5704,1
17,ETC.Expected --> Roomed,ETC.Expected,Roomed,Discharged,1,40,7,0,0,34,108.8352,1
18,ETC.Expected --> Roomed,ETC.Expected,Roomed,Discharged,2,312,4,0,0,14,68.81760001,1
19,ETC.Expected --> Roomed,ETC.Expected,Roomed,Discharged,3,262,6,0,0,15,64.7928,1
20,ETC.Expected --> Roomed,ETC.Expected,Roomed,Discharged,4,8,1,0,0,1,1.944000003,1
21,ED.Arrive --> Triage.Comp,ED.Arrive,Triage.Comp,Admitted,1,48,2,0,0,3,11.29679999,1
22,ED.Arrive --> Triage.Comp,ED.Arrive,Triage.Comp,Admitted,2,3769,4,2,1,6,54.2088,1
23,ED.Arrive --> Triage.Comp,ED.Arrive,Triage.Comp,Admitted,3,6692,5,2,1,7,63.3384,1
24,ED.Arrive --> Triage.Comp,ED.Arrive,Triage.Comp,Admitted,4,107,5,2,1,7,22.4352,1
25,ED.Arrive --> Triage.Comp,ED.Arrive,Triage.Comp,Admitted,5,1,1,1,1,NA,0,1
26,ED.Arrive --> Triage.Comp,ED.Arrive,Triage.Comp,BOP,2,1,1,1,1,NA,0,1
27,ED.Arrive --> Triage.Comp,ED.Arrive,Triage.Comp,BOP,3,1,0,0,0,NA,0,1
28,ED.Arrive --> Triage.Comp,ED.Arrive,Triage.Comp,Discharged,NA,24,3,1,1,8,20.2968,1
29,ED.Arrive --> Triage.Comp,ED.Arrive,Triage.Comp,Discharged,1,49,2,0,0,4,12.7224,1
30,ED.Arrive --> Triage.Comp,ED.Arrive,Triage.Comp,Discharged,2,8425,5,2,2,7,46.4832,1
31,ED.Arrive --> Triage.Comp,ED.Arrive,Triage.Comp,Discharged,3,49292,6,3,1,8,60.7176,1
32,ED.Arrive --> Triage.Comp,ED.Arrive,Triage.Comp,Discharged,4,22665,6,2,1,9,70.8264,1
33,ED.Arrive --> Triage.Comp,ED.Arrive,Triage.Comp,Discharged,5,188,5,2,1,7,23.2488,1
34,ED.Arrive --> Roomed,ED.Arrive,Roomed,Admitted,NA,109,0,0,0,1,3.988800004,1
35,ED.Arrive --> Roomed,ED.Arrive,Roomed,Admitted,1,582,0,0,0,1,8.640000002,1
36,ED.Arrive --> Roomed,ED.Arrive,Roomed,Admitted,2,4311,1,0,0,3,35.3016,1
37,ED.Arrive --> Roomed,ED.Arrive,Roomed,Admitted,3,3662,1,0,0,4,63.2736,1
38,ED.Arrive --> Roomed,ED.Arrive,Roomed,Admitted,4,10,5,0,0,12,18.9288,1
39,ED.Arrive --> Roomed,ED.Arrive,Roomed,BOP,3,1,0,0,0,NA,0,1
40,ED.Arrive --> Roomed,ED.Arrive,Roomed,Discharged,NA,161,0,0,0,1,5.760000006,1
41,ED.Arrive --> Roomed,ED.Arrive,Roomed,Discharged,1,491,0,0,0,2,12.852,1
42,ED.Arrive --> Roomed,ED.Arrive,Roomed,Discharged,2,6317,1,0,0,4,43.87680001,1
43,ED.Arrive --> Roomed,ED.Arrive,Roomed,Discharged,3,9495,2,0,0,7,74.844,1
44,ED.Arrive --> Roomed,ED.Arrive,Roomed,Discharged,4,758,6,2,0,12,58.3488,1
45,ED.Arrive --> Roomed,ED.Arrive,Roomed,Discharged,5,14,6,3,20,7,10.4112,1
46,Triage.Comp --> Roomed,Triage.Comp,Roomed,Admitted,1,49,1,0,0,1,3.909600003,1
47,Triage.Comp --> Roomed,Triage.Comp,Roomed,Admitted,2,4090,5,1,0,9,49.1184,1
48,Triage.Comp --> Roomed,Triage.Comp,Roomed,Admitted,3,6551,9,1,0,18,107.604,1
49,Triage.Comp --> Roomed,Triage.Comp,Roomed,Admitted,4,97,13,3,0,20,52.5168,1
50,Triage.Comp --> Roomed,Triage.Comp,Roomed,Admitted,5,1,7,7,7,NA,0,1
51,Triage.Comp --> Roomed,Triage.Comp,Roomed,BOP,2,1,0,0,0,NA,0,1
52,Triage.Comp --> Roomed,Triage.Comp,Roomed,BOP,3,1,3,3,3,NA,0,1
53,Triage.Comp --> Roomed,Triage.Comp,Roomed,Discharged,NA,20,6,2,0,8,13.83839999,1
54,Triage.Comp --> Roomed,Triage.Comp,Roomed,Discharged,1,46,1,0,0,1,3.456000002,1
55,Triage.Comp --> Roomed,Triage.Comp,Roomed,Discharged,2,7950,6,1,0,11,61.9416,1
56,Triage.Comp --> Roomed,Triage.Comp,Roomed,Discharged,3,38470,10,1,0,19,155.916,1
57,Triage.Comp --> Roomed,Triage.Comp,Roomed,Discharged,4,17677,11,3,0,18,106.3728,1
58,Triage.Comp --> Roomed,Triage.Comp,Roomed,Discharged,5,146,12,3,0,20,67.5072,1
59,Triage.Comp --> Reg.Comp,Triage.Comp,Reg.Comp,Admitted,1,97,19,6,0,31,97.3728,1
60,Triage.Comp --> Reg.Comp,Triage.Comp,Reg.Comp,Admitted,2,1880,12,5,2,28,322.308,1
61,Triage.Comp --> Reg.Comp,Triage.Comp,Reg.Comp,Admitted,3,3257,18,9,0,22,109.6992,1
62,Triage.Comp --> Reg.Comp,Triage.Comp,Reg.Comp,Admitted,4,35,26,13,8,27,50.0616,1
63,Triage.Comp --> Reg.Comp,Triage.Comp,Reg.Comp,BOP,3,1,3,3,3,NA,0,1
64,Triage.Comp --> Reg.Comp,Triage.Comp,Reg.Comp,Discharged,NA,3,19,12,12,22,21.3912,1
65,Triage.Comp --> Reg.Comp,Triage.Comp,Reg.Comp,Discharged,1,102,45,32,1,69,303.264,1
66,Triage.Comp --> Reg.Comp,Triage.Comp,Reg.Comp,Discharged,2,2977,19,6,3,59,563.3784,1
67,Triage.Comp --> Reg.Comp,Triage.Comp,Reg.Comp,Discharged,3,15424,24,17,3,26,498.0024,1
68,Triage.Comp --> Reg.Comp,Triage.Comp,Reg.Comp,Discharged,4,5457,24,19,4,19,69.9336,1
69,Triage.Comp --> Reg.Comp,Triage.Comp,Reg.Comp,Discharged,5,48,24,23,31,16,35.7264,1
70,Triage.Comp --> Seen.MD.PA,Triage.Comp,Seen.MD.PA,Admitted,1,197,9,7,0,8,18.06480001,1
71,Triage.Comp --> Seen.MD.PA,Triage.Comp,Seen.MD.PA,Admitted,2,2257,11,6,1,16,99.972,1
72,Triage.Comp --> Seen.MD.PA,Triage.Comp,Seen.MD.PA,Admitted,3,1838,12,7,1,16,112.0536,1
73,Triage.Comp --> Seen.MD.PA,Triage.Comp,Seen.MD.PA,Admitted,4,4,12,14,15,7,8.409599997,1
74,Triage.Comp --> Seen.MD.PA,Triage.Comp,Seen.MD.PA,Discharged,NA,4,12,7,7,13,15.52320001,1
75,Triage.Comp --> Seen.MD.PA,Triage.Comp,Seen.MD.PA,Discharged,1,175,11,6,4,13,43.7832,1
76,Triage.Comp --> Seen.MD.PA,Triage.Comp,Seen.MD.PA,Discharged,2,2960,15,7,1,25,267.1272,1
77,Triage.Comp --> Seen.MD.PA,Triage.Comp,Seen.MD.PA,Discharged,3,4010,12,6,2,18,156.312,1
78,Triage.Comp --> Seen.MD.PA,Triage.Comp,Seen.MD.PA,Discharged,4,233,10,6,4,10,25.5528,1
79,Triage.Comp --> Seen.MD.PA,Triage.Comp,Seen.MD.PA,Discharged,5,5,9,7,7,9,12.1968,1
80,Roomed --> Reg.Comp,Roomed,Reg.Comp,Admitted,NA,20,10,7,20,10,20.6568,1
81,Roomed --> Reg.Comp,Roomed,Reg.Comp,Admitted,1,103,6,5,5,6,25.8336,1
82,Roomed --> Reg.Comp,Roomed,Reg.Comp,Admitted,2,3762,6,5,5,10,301.5504,1
83,Roomed --> Reg.Comp,Roomed,Reg.Comp,Admitted,3,5728,6,5,3,4,69.048,1
84,Roomed --> Reg.Comp,Roomed,Reg.Comp,Admitted,4,77,8,6,5,4,13.1328,1
85,Roomed --> Reg.Comp,Roomed,Reg.Comp,BOP,2,1,7,7,7,NA,0,1
86,Roomed --> Reg.Comp,Roomed,Reg.Comp,BOP,3,1,9,9,9,NA,0,1
87,Roomed --> Reg.Comp,Roomed,Reg.Comp,Discharged,NA,24,12,8,8,12,24.3288,1
88,Roomed --> Reg.Comp,Roomed,Reg.Comp,Discharged,1,93,10,5,2,24,104.8752,1
89,Roomed --> Reg.Comp,Roomed,Reg.Comp,Discharged,2,6103,7,6,3,6,129.2976,1
90,Roomed --> Reg.Comp,Roomed,Reg.Comp,Discharged,3,29280,6,5,4,4,55.1664,1
91,Roomed --> Reg.Comp,Roomed,Reg.Comp,Discharged,4,13781,7,6,5,4,27.6048,1
92,Roomed --> Reg.Comp,Roomed,Reg.Comp,Discharged,5,121,7,6,3,4,14.0184,1
93,Roomed --> Seen.MD.PA,Roomed,Seen.MD.PA,Admitted,NA,92,13,12,22,8,19.1088,1
94,Roomed --> Seen.MD.PA,Roomed,Seen.MD.PA,Admitted,1,358,9,7,3,8,31.0824,1
95,Roomed --> Seen.MD.PA,Roomed,Seen.MD.PA,Admitted,2,3279,7,5,3,11,154.6992,1
96,Roomed --> Seen.MD.PA,Roomed,Seen.MD.PA,Admitted,3,4782,10,6,1,13,101.4408,1
97,Roomed --> Seen.MD.PA,Roomed,Seen.MD.PA,Admitted,4,59,13,8,4,13,29.052,1
98,Roomed --> Seen.MD.PA,Roomed,Seen.MD.PA,Admitted,5,1,10,10,10,NA,0,1
99,Roomed --> Seen.MD.PA,Roomed,Seen.MD.PA,Discharged,NA,131,14,12,12,13,50.2776,1
100,Roomed --> Seen.MD.PA,Roomed,Seen.MD.PA,Discharged,1,257,10,7,7,9,34.5528,1
101,Roomed --> Seen.MD.PA,Roomed,Seen.MD.PA,Discharged,2,5688,8,5,1,14,153.864,1
102,Roomed --> Seen.MD.PA,Roomed,Seen.MD.PA,Discharged,3,25500,11,6,2,13,135.6192,1
103,Roomed --> Seen.MD.PA,Roomed,Seen.MD.PA,Discharged,4,9217,14,9,1,15,81.12239999,1
104,Roomed --> Seen.MD.PA,Roomed,Seen.MD.PA,Discharged,5,66,13,8,6,12,32.3064,1
105,Roomed --> Triage.Comp,Roomed,Triage.Comp,Admitted,1,285,6,4,0,8,30.4488,1
106,Roomed --> Triage.Comp,Roomed,Triage.Comp,Admitted,2,2683,4,3,0,5,29.94480001,1
107,Roomed --> Triage.Comp,Roomed,Triage.Comp,Admitted,3,2243,4,3,0,4,24.4872,1
108,Roomed --> Triage.Comp,Roomed,Triage.Comp,Admitted,4,5,5,4,6,4,5.796000003,1
109,Roomed --> Triage.Comp,Roomed,Triage.Comp,BOP,3,1,0,0,0,NA,0,1
110,Roomed --> Triage.Comp,Roomed,Triage.Comp,Discharged,NA,4,1,0,0,1,1.195199996,1
111,Roomed --> Triage.Comp,Roomed,Triage.Comp,Discharged,1,269,9,4,1,15,60.4152,1
112,Roomed --> Triage.Comp,Roomed,Triage.Comp,Discharged,2,3852,4,3,0,5,62.31600001,1
113,Roomed --> Triage.Comp,Roomed,Triage.Comp,Discharged,3,5339,4,3,0,3,38.16,1
114,Roomed --> Triage.Comp,Roomed,Triage.Comp,Discharged,4,433,3,2,0,4,28.3752,1
115,Roomed --> Triage.Comp,Roomed,Triage.Comp,Discharged,5,12,5,3,8,4,6.602399998,1
116,Reg.Comp --> Seen.MD.PA,Reg.Comp,Seen.MD.PA,Admitted,NA,15,14,12,10,9,17.8128,1
117,Reg.Comp --> Seen.MD.PA,Reg.Comp,Seen.MD.PA,Admitted,1,83,8,6,1,7,19.08,1
118,Reg.Comp --> Seen.MD.PA,Reg.Comp,Seen.MD.PA,Admitted,2,3817,14,8,1,23,312.2136,1
119,Reg.Comp --> Seen.MD.PA,Reg.Comp,Seen.MD.PA,Admitted,3,5900,14,9,2,17,136.26,1
120,Reg.Comp --> Seen.MD.PA,Reg.Comp,Seen.MD.PA,Admitted,4,77,16,11,6,14,34.7544,1
121,Reg.Comp --> Seen.MD.PA,Reg.Comp,Seen.MD.PA,BOP,2,1,20,20,20,NA,0,1
122,Reg.Comp --> Seen.MD.PA,Reg.Comp,Seen.MD.PA,BOP,3,2,9,9,16,10,7.156799997,1
123,Reg.Comp --> Seen.MD.PA,Reg.Comp,Seen.MD.PA,Discharged,NA,16,14,10,8,10,18.2088,1
124,Reg.Comp --> Seen.MD.PA,Reg.Comp,Seen.MD.PA,Discharged,1,69,10,6,14,9,23.1984,1
125,Reg.Comp --> Seen.MD.PA,Reg.Comp,Seen.MD.PA,Discharged,2,6557,18,10,0,27,208.8144,1
126,Reg.Comp --> Seen.MD.PA,Reg.Comp,Seen.MD.PA,Discharged,3,29825,15,10,0,17,175.8888,1
127,Reg.Comp --> Seen.MD.PA,Reg.Comp,Seen.MD.PA,Discharged,4,13654,16,12,4,15,90.072,1
128,Reg.Comp --> Seen.MD.PA,Reg.Comp,Seen.MD.PA,Discharged,5,116,15,12,9,16,58.8312,1
129,Reg.Comp --> Disch.Dispo.Select,Reg.Comp,Disch.Dispo.Select,Admitted,2,29,173,123,54,179,382.8384,1
130,Reg.Comp --> Disch.Dispo.Select,Reg.Comp,Disch.Dispo.Select,Admitted,3,48,153,113,96,205,709.4376,1
131,Reg.Comp --> Disch.Dispo.Select,Reg.Comp,Disch.Dispo.Select,Admitted,4,1,60,60,60,NA,0,1
132,Reg.Comp --> Disch.Dispo.Select,Reg.Comp,Disch.Dispo.Select,Discharged,NA,4,85,97,98,50,58.9824,1
133,Reg.Comp --> Disch.Dispo.Select,Reg.Comp,Disch.Dispo.Select,Discharged,1,28,87,64,49,100,251.8344,1
134,Reg.Comp --> Disch.Dispo.Select,Reg.Comp,Disch.Dispo.Select,Discharged,2,2723,183,125,90,191,712.3104,1
135,Reg.Comp --> Disch.Dispo.Select,Reg.Comp,Disch.Dispo.Select,Discharged,3,10426,115,98,59,90,701.6616,1
136,Reg.Comp --> Disch.Dispo.Select,Reg.Comp,Disch.Dispo.Select,Discharged,4,3241,58,49,35,47,383.148,1
137,Reg.Comp --> Disch.Dispo.Select,Reg.Comp,Disch.Dispo.Select,Discharged,5,34,30,25,13,25,47.6928,1
138,Reg.Comp --> Roomed,Reg.Comp,Roomed,Admitted,NA,3,2,1,5,2,2.527200002,1
139,Reg.Comp --> Roomed,Reg.Comp,Roomed,Admitted,1,6,2,2,0,1,2.498399997,1
140,Reg.Comp --> Roomed,Reg.Comp,Roomed,Admitted,2,414,22,10,1,30,86.5368,1
141,Reg.Comp --> Roomed,Reg.Comp,Roomed,Admitted,3,1740,43,31,3,41,136.7928,1
142,Reg.Comp --> Roomed,Reg.Comp,Roomed,Admitted,4,31,41,27,106,37,73.20959999,1
143,Reg.Comp --> Roomed,Reg.Comp,Roomed,Discharged,NA,2,21,21,4,23,16.632,1
144,Reg.Comp --> Roomed,Reg.Comp,Roomed,Discharged,1,1,0,0,0,NA,0,1
145,Reg.Comp --> Roomed,Reg.Comp,Roomed,Discharged,2,816,23,12,1,28,98.6688,1
146,Reg.Comp --> Roomed,Reg.Comp,Roomed,Discharged,3,11729,43,30,3,41,161.6472,1
147,Reg.Comp --> Roomed,Reg.Comp,Roomed,Discharged,4,5129,32,25,1,28,92.0592,1
148,Reg.Comp --> Roomed,Reg.Comp,Roomed,Discharged,5,43,28,23,25,26,67.5,1
149,Reg.Comp --> Admit.Dispo.Selected,Reg.Comp,Admit.Dispo.Selected,Admitted,NA,25,45,28,61,39,74.0808,1
150,Reg.Comp --> Admit.Dispo.Selected,Reg.Comp,Admit.Dispo.Selected,Admitted,1,115,43,30,36,48,190.2816,1
151,Reg.Comp --> Admit.Dispo.Selected,Reg.Comp,Admit.Dispo.Selected,Admitted,2,2752,106,74,8,142,709.7544,1
152,Reg.Comp --> Admit.Dispo.Selected,Reg.Comp,Admit.Dispo.Selected,Admitted,3,3139,109,92,51,91,689.436,1
153,Reg.Comp --> Admit.Dispo.Selected,Reg.Comp,Admit.Dispo.Selected,Admitted,4,29,155,109,109,129,259.56,1
154,Reg.Comp --> Admit.Dispo.Selected,Reg.Comp,Admit.Dispo.Selected,Admitted,5,1,16,16,16,NA,0,1
155,Reg.Comp --> Admit.Dispo.Selected,Reg.Comp,Admit.Dispo.Selected,Discharged,1,1,42,42,42,NA,0,1
156,Reg.Comp --> Admit.Dispo.Selected,Reg.Comp,Admit.Dispo.Selected,Discharged,2,46,70,56,71,59,136.2096,1
157,Reg.Comp --> Admit.Dispo.Selected,Reg.Comp,Admit.Dispo.Selected,Discharged,3,82,112,104,44,75,166.4496,1
158,Reg.Comp --> Ed.Depart,Reg.Comp,Ed.Depart,Admitted,NA,16,41,38,83,28,50.436,1
159,Reg.Comp --> Ed.Depart,Reg.Comp,Ed.Depart,Admitted,1,111,64,51,97,50,125.4744,1
160,Reg.Comp --> Ed.Depart,Reg.Comp,Ed.Depart,Admitted,2,366,70,60,56,51,154.5696,1
161,Reg.Comp --> Ed.Depart,Reg.Comp,Ed.Depart,Admitted,3,191,77,70,74,50,136.1232,1
162,Reg.Comp --> Ed.Depart,Reg.Comp,Ed.Depart,Discharged,NA,25,76,53,22,74,123.0408,1
163,Reg.Comp --> Ed.Depart,Reg.Comp,Ed.Depart,Discharged,1,127,82,56,108,92,318.2544,1
164,Reg.Comp --> Ed.Depart,Reg.Comp,Ed.Depart,Discharged,2,1886,190,144,53,196,715.7016,1
165,Reg.Comp --> Ed.Depart,Reg.Comp,Ed.Depart,Discharged,3,3829,158,138,147,109,640.9872,1
166,Reg.Comp --> Ed.Depart,Reg.Comp,Ed.Depart,Discharged,4,1141,80,65,18,69,309.5856,1
167,Reg.Comp --> Ed.Depart,Reg.Comp,Ed.Depart,Discharged,5,9,41,23,126,39,60.9552,1
168,Seen.MD.PA --> Disch.Dispo.Select,Seen.MD.PA,Disch.Dispo.Select,Admitted,2,46,159,125,72,126,331.9992,1
169,Seen.MD.PA --> Disch.Dispo.Select,Seen.MD.PA,Disch.Dispo.Select,Admitted,3,150,170,150,213,137,549.8352,1
170,Seen.MD.PA --> Disch.Dispo.Select,Seen.MD.PA,Disch.Dispo.Select,Admitted,4,9,123,127,89,69,116.2152,1
171,Seen.MD.PA --> Disch.Dispo.Select,Seen.MD.PA,Disch.Dispo.Select,Discharged,NA,6,45,45,10,43,46.7496,1
172,Seen.MD.PA --> Disch.Dispo.Select,Seen.MD.PA,Disch.Dispo.Select,Discharged,1,22,153,149,55,80,146.8152,1
173,Seen.MD.PA --> Disch.Dispo.Select,Seen.MD.PA,Disch.Dispo.Select,Discharged,2,6379,176,129,75,179,710.64,1
174,Seen.MD.PA --> Disch.Dispo.Select,Seen.MD.PA,Disch.Dispo.Select,Discharged,3,36662,123,111,119,84,671.04,1
175,Seen.MD.PA --> Disch.Dispo.Select,Seen.MD.PA,Disch.Dispo.Select,Discharged,4,17644,60,51,18,47,390.996,1
176,Seen.MD.PA --> Disch.Dispo.Select,Seen.MD.PA,Disch.Dispo.Select,Discharged,5,147,30,23,20,26,70.6608,1
177,Seen.MD.PA --> Admit.Dispo.Selected,Seen.MD.PA,Admit.Dispo.Selected,Admitted,NA,83,41,37,15,28,66.852,1
178,Seen.MD.PA --> Admit.Dispo.Selected,Seen.MD.PA,Admit.Dispo.Selected,Admitted,1,306,35,28,31,35,134.5032,1
179,Seen.MD.PA --> Admit.Dispo.Selected,Seen.MD.PA,Admit.Dispo.Selected,Admitted,2,5573,110,87,20,121,691.6608,1
180,Seen.MD.PA --> Admit.Dispo.Selected,Seen.MD.PA,Admit.Dispo.Selected,Admitted,3,8491,126,112,87,91,678.3048,1
181,Seen.MD.PA --> Admit.Dispo.Selected,Seen.MD.PA,Admit.Dispo.Selected,Admitted,4,99,164,144,168,99,302.5872,1
182,Seen.MD.PA --> Admit.Dispo.Selected,Seen.MD.PA,Admit.Dispo.Selected,BOP,2,1,69,69,69,NA,0,1
183,Seen.MD.PA --> Admit.Dispo.Selected,Seen.MD.PA,Admit.Dispo.Selected,BOP,3,2,205,205,207,2,2.080800002,1
184,Seen.MD.PA --> Admit.Dispo.Selected,Seen.MD.PA,Admit.Dispo.Selected,Discharged,NA,1,7,7,7,NA,0,1
185,Seen.MD.PA --> Admit.Dispo.Selected,Seen.MD.PA,Admit.Dispo.Selected,Discharged,1,5,39,37,69,30,30.6936,1
186,Seen.MD.PA --> Admit.Dispo.Selected,Seen.MD.PA,Admit.Dispo.Selected,Discharged,2,85,100,79,81,84,278.8416,1
187,Seen.MD.PA --> Admit.Dispo.Selected,Seen.MD.PA,Admit.Dispo.Selected,Discharged,3,216,113,99,153,82,247.8888,1
188,Seen.MD.PA --> Admit.Dispo.Selected,Seen.MD.PA,Admit.Dispo.Selected,Discharged,4,5,108,117,117,48,65.1744,1
189,Seen.MD.PA --> Ed.Depart,Seen.MD.PA,Ed.Depart,Admitted,NA,8,61,34,35,74,108.468,1
190,Seen.MD.PA --> Ed.Depart,Seen.MD.PA,Ed.Depart,Admitted,1,11,51,54,81,32,51.8976,1
191,Seen.MD.PA --> Ed.Depart,Seen.MD.PA,Ed.Depart,Admitted,2,31,128,112,77,79,200.9736,1
192,Seen.MD.PA --> Ed.Depart,Seen.MD.PA,Ed.Depart,Admitted,3,21,133,118,235,58,101.808,1
193,Seen.MD.PA --> Ed.Depart,Seen.MD.PA,Ed.Depart,Admitted,4,2,210,210,215,7,5.299199997,1
194,Seen.MD.PA --> Ed.Depart,Seen.MD.PA,Ed.Depart,Discharged,NA,96,93,76,58,76,172.5552,1
195,Seen.MD.PA --> Ed.Depart,Seen.MD.PA,Ed.Depart,Discharged,1,134,97,88,6,63,165.1536,1
196,Seen.MD.PA --> Ed.Depart,Seen.MD.PA,Ed.Depart,Discharged,2,2606,229,178,96,198,707.328,1
197,Seen.MD.PA --> Ed.Depart,Seen.MD.PA,Ed.Depart,Discharged,3,5958,189,169,106,121,695.2176,1
198,Seen.MD.PA --> Ed.Depart,Seen.MD.PA,Ed.Depart,Discharged,4,1244,97,79,43,75,314.8488,1
199,Seen.MD.PA --> Ed.Depart,Seen.MD.PA,Ed.Depart,Discharged,5,11,75,55,101,57,85.5504,1
200,Seen.MD.PA --> Reg.Comp,Seen.MD.PA,Reg.Comp,Admitted,NA,20,17,6,54,22,32.8608,1
201,Seen.MD.PA --> Reg.Comp,Seen.MD.PA,Reg.Comp,Admitted,1,84,21,6,1,39,143.0064,1
202,Seen.MD.PA --> Reg.Comp,Seen.MD.PA,Reg.Comp,Admitted,2,2452,13,4,2,39,410.508,1
203,Seen.MD.PA --> Reg.Comp,Seen.MD.PA,Reg.Comp,Admitted,3,2975,9,4,1,30,690.8904,1
204,Seen.MD.PA --> Reg.Comp,Seen.MD.PA,Reg.Comp,Admitted,4,28,7,4,4,6,12.24,1
205,Seen.MD.PA --> Reg.Comp,Seen.MD.PA,Reg.Comp,Admitted,5,1,4,4,4,NA,0,1
206,Seen.MD.PA --> Reg.Comp,Seen.MD.PA,Reg.Comp,Discharged,NA,24,49,19,72,65,138.276,1
207,Seen.MD.PA --> Reg.Comp,Seen.MD.PA,Reg.Comp,Discharged,1,110,39,21,7,42,135.1008,1
208,Seen.MD.PA --> Reg.Comp,Seen.MD.PA,Reg.Comp,Discharged,2,4238,22,5,0,79,645.408,1
209,Seen.MD.PA --> Reg.Comp,Seen.MD.PA,Reg.Comp,Discharged,3,13752,9,4,1,23,374.3352,1
210,Seen.MD.PA --> Reg.Comp,Seen.MD.PA,Reg.Comp,Discharged,4,3976,7,5,3,7,35.35920001,1
211,Seen.MD.PA --> Reg.Comp,Seen.MD.PA,Reg.Comp,Discharged,5,30,5,3,1,4,9.597600001,1
212,Seen.MD.PA --> Triage.Comp,Seen.MD.PA,Triage.Comp,Admitted,1,248,15,8,0,16,50.2776,1
213,Seen.MD.PA --> Triage.Comp,Seen.MD.PA,Triage.Comp,Admitted,2,1263,9,4,0,20,221.4648,1
214,Seen.MD.PA --> Triage.Comp,Seen.MD.PA,Triage.Comp,Admitted,3,904,8,3,0,16,153.5544,1
215,Seen.MD.PA --> Triage.Comp,Seen.MD.PA,Triage.Comp,Admitted,4,2,2,2,4,2,1.987200002,1
216,Seen.MD.PA --> Triage.Comp,Seen.MD.PA,Triage.Comp,Discharged,NA,3,12,11,11,1,1.742399998,1
217,Seen.MD.PA --> Triage.Comp,Seen.MD.PA,Triage.Comp,Discharged,1,206,25,17,29,28,101.7288,1
218,Seen.MD.PA --> Triage.Comp,Seen.MD.PA,Triage.Comp,Discharged,2,1533,10,4,2,27,418.428,1
219,Seen.MD.PA --> Triage.Comp,Seen.MD.PA,Triage.Comp,Discharged,3,1822,10,4,0,19,137.1888,1
220,Seen.MD.PA --> Triage.Comp,Seen.MD.PA,Triage.Comp,Discharged,4,104,6,3,1,8,29.736,1
221,Seen.MD.PA --> Triage.Comp,Seen.MD.PA,Triage.Comp,Discharged,5,1,12,12,12,NA,0,1
222,First.ED.Dispo --> Ed.Depart,First.ED.Dispo,Ed.Depart,Admitted,NA,113,79,72,154,42,105.1776,1
223,First.ED.Dispo --> Ed.Depart,First.ED.Dispo,Ed.Depart,Admitted,1,556,77,72,72,42,175.3272,1
224,First.ED.Dispo --> Ed.Depart,First.ED.Dispo,Ed.Depart,Admitted,2,9170,91,82,104,55,581.1264,1
225,First.ED.Dispo --> Ed.Depart,First.ED.Dispo,Ed.Depart,Admitted,3,12457,88,79,73,51,690.6528,1
226,First.ED.Dispo --> Ed.Depart,First.ED.Dispo,Ed.Depart,Admitted,4,138,75,69,85,44,165.8376,1
227,First.ED.Dispo --> Ed.Depart,First.ED.Dispo,Ed.Depart,Admitted,5,1,67,67,67,NA,0,1
228,First.ED.Dispo --> Ed.Depart,First.ED.Dispo,Ed.Depart,BOP,2,1,20,20,20,NA,0,1
229,First.ED.Dispo --> Ed.Depart,First.ED.Dispo,Ed.Depart,BOP,3,2,51,51,5,65,46.1592,1
230,First.ED.Dispo --> Ed.Depart,First.ED.Dispo,Ed.Depart,Discharged,NA,8,37,30,39,38,60.12,1
231,First.ED.Dispo --> Ed.Depart,First.ED.Dispo,Ed.Depart,Discharged,1,50,42,25,8,49,137.088,1
232,First.ED.Dispo --> Ed.Depart,First.ED.Dispo,Ed.Depart,Discharged,2,7420,35,19,7,66,703.476,1
233,First.ED.Dispo --> Ed.Depart,First.ED.Dispo,Ed.Depart,Discharged,3,37431,26,17,8,34,703.3608,1
234,First.ED.Dispo --> Ed.Depart,First.ED.Dispo,Ed.Depart,Discharged,4,19099,16,12,6,15,266.6376,1
235,First.ED.Dispo --> Ed.Depart,First.ED.Dispo,Ed.Depart,Discharged,5,169,16,11,6,25,91.944,1
236,First.ED.Dispo --> Hospital.Discharge,First.ED.Dispo,Hospital.Discharge,Admitted,NA,1,203,203,203,NA,0,1
237,First.ED.Dispo --> Hospital.Discharge,First.ED.Dispo,Hospital.Discharge,Admitted,2,8,471,267,1152,525,698.5656,1
238,First.ED.Dispo --> Hospital.Discharge,First.ED.Dispo,Hospital.Discharge,Admitted,3,8,323,127,3,454,560.9232,1
239,First.ED.Dispo --> Hospital.Discharge,First.ED.Dispo,Hospital.Discharge,Admitted,4,1,1200,1200,1200,NA,0,1
240,First.ED.Dispo --> Hospital.Discharge,First.ED.Dispo,Hospital.Discharge,Discharged,NA,2,13,13,26,17,12.6288,1
241,First.ED.Dispo --> Hospital.Discharge,First.ED.Dispo,Hospital.Discharge,Discharged,1,9,46,33,45,41,66.7944,1
242,First.ED.Dispo --> Hospital.Discharge,First.ED.Dispo,Hospital.Discharge,Discharged,2,1326,37,22,8,56,472.032,1
243,First.ED.Dispo --> Hospital.Discharge,First.ED.Dispo,Hospital.Discharge,Discharged,3,7596,28,19,11,37,430.596,1
244,First.ED.Dispo --> Hospital.Discharge,First.ED.Dispo,Hospital.Discharge,Discharged,4,1141,20,15,9,18,79.0776,1
245,First.ED.Dispo --> Hospital.Discharge,First.ED.Dispo,Hospital.Discharge,Discharged,5,7,18,17,38,12,16.0992,1
246,First.ED.Dispo --> Trans.to.OTF,First.ED.Dispo,Trans.to.OTF,Admitted,NA,6,24,18,2,24,31.7592,1
247,First.ED.Dispo --> Trans.to.OTF,First.ED.Dispo,Trans.to.OTF,Admitted,1,10,88,81,61,80,134.8632,1
248,First.ED.Dispo --> Trans.to.OTF,First.ED.Dispo,Trans.to.OTF,Admitted,2,141,84,76,72,59,172.2744,1
249,First.ED.Dispo --> Trans.to.OTF,First.ED.Dispo,Trans.to.OTF,Admitted,3,117,99,80,64,94,444.2976,1
250,First.ED.Dispo --> Trans.to.OTF,First.ED.Dispo,Trans.to.OTF,Admitted,4,1,153,153,153,NA,0,1
251,First.ED.Dispo --> Trans.to.OTF,First.ED.Dispo,Trans.to.OTF,Discharged,NA,1,14,14,14,NA,0,1
252,First.ED.Dispo --> Trans.to.OTF,First.ED.Dispo,Trans.to.OTF,Discharged,1,4,102,88,189,64,73.9872,1
253,First.ED.Dispo --> Trans.to.OTF,First.ED.Dispo,Trans.to.OTF,Discharged,2,1032,46,26,19,100,716.6376,1
254,First.ED.Dispo --> Trans.to.OTF,First.ED.Dispo,Trans.to.OTF,Discharged,3,3194,36,25,21,50,657,1
255,First.ED.Dispo --> Trans.to.OTF,First.ED.Dispo,Trans.to.OTF,Discharged,4,714,23,18,25,21,134.8848,1
256,First.ED.Dispo --> Trans.to.OTF,First.ED.Dispo,Trans.to.OTF,Discharged,5,5,17,18,16,8,11.4552,1
257,Trans.to.OTF --> Ed.Depart,Trans.to.OTF,Ed.Depart,Admitted,NA,8,88,23,22,104,129.9312,1
258,Trans.to.OTF --> Ed.Depart,Trans.to.OTF,Ed.Depart,Admitted,1,13,35,39,75,22,36.7704,1
259,Trans.to.OTF --> Ed.Depart,Trans.to.OTF,Ed.Depart,Admitted,2,142,23,10,1,33,105.3,1
260,Trans.to.OTF --> Ed.Depart,Trans.to.OTF,Ed.Depart,Admitted,3,116,21,8,4,30,81.3456,1
261,Trans.to.OTF --> Ed.Depart,Trans.to.OTF,Ed.Depart,Admitted,4,1,31,31,31,NA,0,1
262,Trans.to.OTF --> Ed.Depart,Trans.to.OTF,Ed.Depart,Discharged,NA,37,26,11,10,37,75.48480001,1
263,Trans.to.OTF --> Ed.Depart,Trans.to.OTF,Ed.Depart,Discharged,1,35,32,26,0,34,71.44559999,1
264,Trans.to.OTF --> Ed.Depart,Trans.to.OTF,Ed.Depart,Discharged,2,1269,30,10,2,53,369.3672,1
265,Trans.to.OTF --> Ed.Depart,Trans.to.OTF,Ed.Depart,Discharged,3,3326,28,6,0,59,331.2576,1
266,Trans.to.OTF --> Ed.Depart,Trans.to.OTF,Ed.Depart,Discharged,4,763,15,5,0,32,176.2056,1
267,Trans.to.OTF --> Ed.Depart,Trans.to.OTF,Ed.Depart,Discharged,5,6,28,15,4,30,35.028,1
268,Trans.to.OTF --> Hospital.Discharge,Trans.to.OTF,Hospital.Discharge,Admitted,2,1,12,12,12,NA,0,1
269,Trans.to.OTF --> Hospital.Discharge,Trans.to.OTF,Hospital.Discharge,Admitted,3,2,9,9,18,13,9.3456,1
270,Trans.to.OTF --> Hospital.Discharge,Trans.to.OTF,Hospital.Discharge,Discharged,NA,5,18,15,13,13,18.4896,1
271,Trans.to.OTF --> Hospital.Discharge,Trans.to.OTF,Hospital.Discharge,Discharged,1,2,60,60,25,49,35.028,1
272,Trans.to.OTF --> Hospital.Discharge,Trans.to.OTF,Hospital.Discharge,Discharged,2,212,43,14,4,71,198.324,1
273,Trans.to.OTF --> Hospital.Discharge,Trans.to.OTF,Hospital.Discharge,Discharged,3,675,41,10,1,89,409.824,1
274,Trans.to.OTF --> Hospital.Discharge,Trans.to.OTF,Hospital.Discharge,Discharged,4,85,25,12,31,39,146.0376,1
275,Trans.to.OTF --> Hospital.Discharge,Trans.to.OTF,Hospital.Discharge,Discharged,5,2,3,3,6,3,2.635200002,1
